,humans,lat,lon
0,144,46.97017075,142.74644309565514
1,137,46.97040305,142.7465555
2,334,46.93828825,142.7505596
3,28,46.95535345,142.74279979558784
4,280,46.93821195,142.73411605
5,44,46.96001275,142.7447874931705
6,82,46.9305305,142.7535245
7,39,46.9468342,142.73222759509164
8,32,46.9501553,142.7313823
9,95,46.94486925,142.7326362242853
10,137,46.94576365,142.74408595
11,91,46.95914865,142.75041804736622
12,49,46.9575402,142.7540527792616
13,55,46.9527092,142.74395385
14,49,46.9735818,142.7399498
15,52,46.9735818,142.7399498
16,8,46.96020765,142.7423509354581
17,66,46.970471,142.7430332
18,112,46.896383,142.741432
19,43,46.95057045,142.744112453073
20,114,46.96420875,142.7211580835989
21,73,46.91971890000001,142.74248785
22,69,46.9199856,142.745605
23,132,46.94763015,142.72684005
24,16,46.9524314,142.7313154
25,25,46.9524314,142.7313154
26,59,46.9522503,142.74404475472295
27,22,46.9735818,142.7399498
28,30,46.9633,142.74344934654914
29,28,46.965002600000005,142.74099751504718
30,46,46.964941,142.74033415
31,192,46.958999,142.7226499
32,163,46.9607577,142.7257453
33,49,46.9589486,142.74807955276543
34,48,46.95713605,142.74843056801447
35,103,46.9600615,142.75187738192136
36,103,46.95946595,142.75225593343782
37,139,46.94636165,142.73319644861664
38,218,46.94618365,142.7446564953138
39,107,46.9568309,142.74146149619023
40,74,46.957722,142.74831711427123
41,102,46.929142850000005,142.7469834
42,222,46.9261497,142.7478997
43,79,46.9574295,142.751299449238
44,273,46.9537381,142.7386428802349
45,82,46.9529894,142.7378929
46,50,46.96858555,142.7472574
47,110,46.9585666,142.75585866825912
48,47,46.965498,142.7264878
49,120,46.9643061,142.74585025
50,127,46.9417103,142.7443606
51,250,47.0099704,142.71224832374193
52,34,46.9631885,142.74578653599627
53,16,46.96352735000001,142.74598033423993
54,16,46.96425945,142.74535705
55,22,46.9624916,142.7378547
56,29,46.96352625,142.74414645786874
57,Нет,46.9714616,142.72393565
58,Нет,46.9576184,142.7221366
59,36,46.9588078,142.72043390408297
60,,46.9563439,142.7206989
61,Нет,46.9352505,142.727028
62,,46.9956442,142.72862149270887
63,3,46.9648814,142.7018634
64,24,46.9956442,142.72862149270887
65,22,46.9524314,142.7313154
66,1,46.96065015,142.74378335
67,3,46.96553565,142.7102385684304
68,21,46.9530556,142.7225455
69,3,46.9835412,142.7191475
70,7,46.95768674999999,142.68000317219753
71,128,46.9574273,142.727438
72,18,46.9640745,142.74332825
73,61,46.983343,142.7438042
74,11,46.9643061,142.74585025
75,12,46.9956442,142.72862149270887
76,Нет,46.9770348,142.72871323251655
77,264,46.9790912,142.73393703769017
78,528,46.9793936,142.73464312757142
79,Нет,46.9797498,142.7342372
80,Нет,46.9684949,142.734688
81,Нет,46.949247850000006,142.726626
82,3,46.9369843,142.7521237
83,41,46.9438834,142.72439167400591
84,Нет,46.9825744,142.7299464
85,Нет,46.9825744,142.7299464
86,Нет,46.9825744,142.7299464
87,Нет,46.9825744,142.7299464
88,120,46.9646209,142.7456441
89,36,46.9684306,142.7335225
90,92,46.96880415,142.7363254
91,106,46.9686573,142.73334020511726
92,74,46.96092095,142.72872862726467
93,22,46.95418225,142.7297383
94,12,46.95462765,142.72884921791908
95,121,47.0099348,142.72012644132107
96,240,46.9630661,142.7218323
97,135,46.9524344,142.7319126
98,71,46.9638993,142.7423295461234
99,56,46.9603961,142.73469974502194
100,124,46.964288800000006,142.73665357579824
101,92,46.9637682,142.7417829759942
102,220,46.9641084,142.7332556
103,116,46.95624855,142.7415732654868
104,218,46.93035125,142.75245560000002
105,103,46.95947515,142.75393198187567
106,104,46.965498,142.7264878
107,49,46.9649306,142.73582405
108,117,46.96512585,142.744136869873
109,117,46.9644754,142.73606515443404
110,210,46.896383,142.741432
111,61,46.96380285,142.7324196239926
112,30,46.9613802,142.7287593
113,92,46.9627613,142.7284254
114,109,46.9640803,142.7345488
115,89,46.96491615,142.73364504522607
116,56,46.961887,142.73301879999997
117,10,46.965082,142.73610817153218
118,126,46.9689212,142.7357092739681
119,60,46.95290115,142.75557872885588
120,98,46.954455300000006,142.75584736122403
121,18,46.963471,142.74240225
122,138,46.9659514,142.7363323804659
123,17,46.9524314,142.7313154
124,12,46.9524314,142.7313154
125,Нет,46.9576184,142.7221366
126,3,46.9576184,142.7221366
127,12,46.95891565,142.72170122345506
128,63,46.9585316,142.7217872
129,72,46.9580859,142.7218477214425
130,192,46.95488345,142.72248100000002
131,Нет,46.9576184,142.7221366
132,6,46.9583217,142.7179520718928
133,0,46.896383,142.741432
134,0,46.9608178,142.69831282519908
135,12,46.9593452,142.69829925038346
136,6,46.9607607,142.71955872051632
137,9,46.9033058,142.7530485
138,40,46.9584411,142.7205309888489
139,3,46.9835412,142.7191475
140,17,46.9909139,142.7439299
141,Нет,46.9735818,142.7399498
142,Нет,46.9956442,142.72862149270887
143,1,46.921343,142.7375256
144,17,46.9262684,142.7553898
145,6,46.92490205,142.74413642340625
146,0,46.95258745,142.70796205000002
147,Нет,46.9770348,142.72871323251655
148,27,46.9797498,142.7342372
149,Нет,46.96216,142.7303486
150,3,46.9819167,142.7358201
151,48,46.9819167,142.7358201
152,12,46.9359409,142.741325
153,21,46.95411435,142.7551336224546
154,0,46.9710779,142.71875515
155,1,46.9849164,142.7345153
156,37,46.97663695,142.6900214973881
157,0,46.97103055,142.71847445621745
158,43,46.948835,142.7276946
159,59,46.9654051,142.7279418236842
160,0,46.9749078,142.7185569
161,Нет,46.9897853,142.7298365
162,0,46.9956442,142.72862149270887
163,13,46.9548778,142.7107372
164,0,46.9956442,142.72862149270887
165,50,46.95761915,142.75348360490386
166,95,46.9571468,142.7536314
167,23,46.96216,142.7303486
168,104,46.9369843,142.7521237
169,238,46.948835,142.7276946
170,71,46.9352505,142.727028
171,93,46.9603964,142.75549462652407
172,45,46.9216977,142.73575307325396
173,30,46.93425465,142.7555952482658
174,138,46.92431045,142.73943215
175,208,46.92992925,142.74961531290216
176,170,46.92927975,142.74914304905084
177,65,46.9279074,142.75168720560373
178,61,46.92738685,142.7530419486216
179,67,46.9228993,142.73520515
180,94,46.92262575,142.7362596
181,48,46.92230275,142.73548025
182,39,46.92157605,142.74031617770402
183,210,46.93011825,142.74696166345117
184,221,46.9295434,142.74829007542922
185,227,46.9275572,142.75072708951308
186,33,46.92148095,142.73985755826433
187,235,46.9286878,142.74803528005137
188,130,46.92814755,142.74772178042352
189,215,46.921343,142.7375256
190,156,46.92766725,142.74902987444588
191,38,46.92142855,142.73940499999998
192,63,46.9273779,142.74736635699946
193,131,46.92759635,142.7481205315815
194,214,46.9266189,142.74740676267183
195,51,46.92132865,142.73889085000002
196,109,46.9267253,142.747959083595
197,95,46.9268977,142.74846621231538
198,292,46.9260565,142.74769729463657
199,40,46.92121485,142.738356
200,137,46.92320055,142.7384044453649
201,19,46.9211544,142.7375886041929
202,118,46.92240205,142.74034667350253
203,54,46.92270035,142.73989590000002
204,214,46.9222898,142.73890752579075
205,228,46.9223796,142.73947039042247
206,222,46.928096800000006,142.75060604351643
207,82,46.923632,142.73826881955875
208,145,46.92202075,142.73816425
209,182,46.9299258,142.74884190252263
210,160,46.925985350000005,142.74891883362963
211,167,46.92773355,142.74954987453333
212,171,46.93035125,142.75245560000002
213,77,46.92639775,142.74839974739746
214,152,46.9298446,142.74763405363151
215,218,46.93022765,142.75130898578334
216,148,46.9294336,142.75078394385633
217,209,46.93019235,142.7508206286614
218,214,46.93016205,142.75021229512694
219,41,46.958309400000005,142.75507371864126
220,83,46.96026115,142.75403666964473
221,88,46.9600663,142.75351158656434
222,84,46.95986595,142.751350905124
223,101,46.9599613,142.75079572558872
224,91,46.9601334,142.7494885
225,119,46.9594158,142.74904608491332
226,48,46.95956685,142.74795984301448
227,45,46.9597566,142.7484600266177
228,50,46.959139050000005,142.74857964450212
229,50,46.95835065,142.7481953421103
230,68,46.960925,142.74040376669285
231,85,46.9546028,142.741685104192
232,124,46.9547559,142.7423276447353
233,123,46.9536188,142.74191754732715
234,81,46.95396635,142.74298925
235,22,46.95455565,142.74285058620762
236,83,46.95391605,142.74235847555252
237,85,46.9597894,142.7528964
238,95,46.95972185,142.7550137424331
239,106,46.95966905,142.75444832833332
240,104,46.95956705,142.7533433737513
241,103,46.95937255,142.7528298527174
242,92,46.95926855,142.7517145252038
243,94,46.959342750000005,142.7509188092215
244,48,46.9579232,142.7554396499046
245,51,46.95773555,142.75473775752442
246,51,46.95815279999999,142.75402775046237
247,50,46.9574436,142.7528236427003
248,51,46.958164550000006,142.75284239278528
249,48,46.95747795,142.7518245126749
250,50,46.95807395,142.7521626756838
251,49,46.95813945,142.7511581883441
252,48,46.9571477,142.75081612971977
253,45,46.9579454,142.75065744509618
254,19,46.9568535,142.74884238540696
255,96,46.957142000000005,142.7478132451518
256,94,46.956616,142.7467376
257,89,46.95699329999999,142.74623224811558
258,222,46.9559917,142.74454699969874
259,60,46.955886500000005,142.74337065200007
260,92,46.9567535,142.74358370521662
261,93,46.95668575,142.7428977
262,94,46.9561618,142.7419933
263,10,46.96041505,142.74454708416317
264,49,46.96001525,142.7529602248213
265,48,46.9369843,142.7521237
266,9,46.9523756,142.7555655970663
267,325,46.9392508,142.7512622558529
268,43,46.9505716,142.7463594
269,108,46.9515551,142.7567523
270,123,47.00995945,142.72037039999998
271,181,46.96722975,142.7169584746025
272,37,46.966415600000005,142.71699604999998
273,92,46.9635356,142.72667990201344
274,187,46.95846425,142.7209525
275,123,46.9574273,142.727438
276,125,46.9574273,142.727438
277,142,46.9574273,142.727438
278,135,46.9574273,142.727438
279,157,46.96439785,142.7174533717215
280,29,46.9656854,142.72717575
281,24,46.9623466,142.7287579
282,123,46.9630759,142.7275538007113
283,128,46.96173615,142.7280245
284,152,46.9544391,142.73011970482037
285,38,46.95469395,142.72942943258786
286,58,46.95294845,142.73045935467553
287,54,46.95246725,142.73053555885315
288,46,46.9657545,142.7222251
289,133,46.88570489999999,142.75133346693798
290,135,46.9956442,142.72862149270887
291,171,46.9956442,142.72862149270887
292,149,46.9956442,142.72862149270887
293,132,46.9956442,142.72862149270887
294,6,46.9574273,142.727438
295,12,46.97369635,142.7420903
296,3,46.961344,142.7152911443855
297,3,46.9560166,142.7165493
298,3,46.9597914,142.71563285000002
299,12,46.92314965,142.73662564025375
300,1,46.93652745,142.73288730000002
301,12,46.9576184,142.7221366
302,1,46.9365248,142.73262902285342
303,5,46.9367369,142.73237327196892
304,55,46.9708458,142.74026412569805
305,12,46.9735818,142.7399498
306,12,46.967376,142.74142693254873
307,12,46.9735818,142.7399498
308,,46.97120035,142.74125687720894
309,1,46.9648814,142.7018634
310,3,46.968525850000006,142.69985000116807
311,3,46.97656935,142.7432311
312,4,46.96684455,142.70951244999998
313,12,46.96530355,142.70981195000002
314,4,46.9040148,142.7387827
315,2,46.96601825,142.69775779999998
316,1,46.9644898,142.69815837551113
317,1,46.9635012,142.69776745
318,4,46.9683145,142.6978124
319,48,46.9956442,142.72862149270887
320,12,46.9956442,142.72862149270887
321,12,47.01586825,142.70993545
322,12,46.9956442,142.72862149270887
323,5,46.9956442,142.72862149270887
324,4,46.9684949,142.734688
325,3,46.9665457,142.7218485
326,46,46.9704847,142.74030695
327,0,46.9620077,142.71681575234902
328,2,46.9580699,142.6820682
329,13,46.9525176,142.7200296
330,1,46.9497352,142.722245
331,,46.95948585,142.70627439999998
332,1,46.9819167,142.7358201
333,192,46.963046,142.742726
334,228,46.96292865,142.7359528505901
335,177,46.9627445,142.73511872267431
336,24,46.93224295,142.74759853488894
337,135,46.9956442,142.72862149270887
338,151,46.9956442,142.72862149270887
339,49,46.96493335,142.72801642147803
340,161,46.9352505,142.727028
341,74,46.94632635,142.7263443
342,38,46.9460339,142.73361965424925
343,87,46.946306500000006,142.7323201
344,46,46.94540685,142.73261935
345,126,46.940752200000006,142.73448904586388
346,82,46.9393146,142.7338972257054
347,147,46.938533750000005,142.73459637454457
348,260,46.93623545,142.7345112
349,65,46.9352887,142.73473695
350,64,46.9350785,142.73489732680957
351,17,46.896383,142.741432
352,240,46.896383,142.741432
353,360,46.9239408,142.733973
354,240,46.896383,142.741432
355,144,46.9239408,142.733973
356,154,46.896383,142.741432
357,153,46.941469600000005,142.74291665431457
358,211,46.9401689,142.7433003
359,146,46.940167,142.7424061419611
360,150,46.9390791,142.74334226209183
361,237,46.9382061,142.74361302703124
362,211,46.9376336,142.74175269999995
363,240,46.9710037,142.7380105
364,203,46.9710037,142.7380105
365,149,46.9710037,142.7380105
366,211,46.9710037,142.7380105
367,240,46.9221475,142.7477333
368,480,46.9710037,142.7380105
369,240,46.9221475,142.7477333
370,162,46.9819167,142.7358201
371,211,46.9710037,142.7380105
372,12,46.9363801,142.7574183
373,12,46.9363801,142.7574183
374,12,46.9363801,142.7574183
375,82,46.9363801,142.7574183
376,118,46.9363801,142.7574183
377,88,46.9363801,142.7574183
378,176,46.9363801,142.7574183
379,84,46.9363801,142.7574183
380,216,46.9363801,142.7574183
381,148,46.9405169,142.7381791
382,140,46.9405169,142.7381791
383,164,46.9405169,142.7381791
384,192,46.9405169,142.7381791
385,203,46.9405169,142.7381791
386,147,46.9405169,142.7381791
387,202,46.9405169,142.7381791
388,198,46.9405169,142.7381791
389,120,46.9405169,142.7381791
390,167,46.9405169,142.7381791
391,159,46.896383,142.741432
392,171,46.96357375,142.7306086302852
393,143,46.9634372,142.7300588
394,155,46.9629209,142.72963575
395,180,46.9613763,142.73108455
396,194,46.9637667,142.730044
397,165,46.9618726,142.7373295
398,209,46.956145750000005,142.73816895
399,266,46.9554766,142.7383728
400,82,46.9572401,142.73430555
401,77,46.95712245,142.73333409708687
402,74,46.95706155,142.73236055
403,72,46.9569691,142.73135377589756
404,90,46.95896075,142.7323146869182
405,21,46.96273225,142.7380755811067
406,28,46.9624916,142.7378547
407,120,46.9623413,142.73305238949524
408,114,46.9617906,142.73169655672484
409,61,46.9627036,142.7288793
410,43,46.962607,142.7289005
411,69,46.9620444,142.72857725512355
412,18,46.963661,142.73938107673246
413,Нет,46.9638168,142.7385873
414,Нет,46.9638168,142.7385873
415,27,46.963674350000005,142.73507944713631
416,131,46.9628317,142.73288209480228
417,104,46.96327865,142.73132255000002
418,150,46.9532023,142.73685735591823
419,181,46.9524314,142.7313154
420,119,46.9535619,142.734619
421,194,46.95411455,142.73415434999998
422,110,46.9533484,142.73388782428515
423,157,46.95283275,142.7332954041184
424,201,46.955947550000005,142.7337829
425,53,46.96480455,142.73867293414884
426,77,46.9644896,142.7382581
427,105,46.964420700000005,142.73774212435774
428,122,46.9641602,142.73558461056783
429,123,46.9641344,142.73504557558712
430,32,46.96425405,142.73306242213232
431,46,46.9653032,142.7420177
432,130,46.9637047,142.73170495
433,156,46.96411105,142.73137450250067
434,85,46.95210085,142.73985199577209
435,Нет,46.9616574,142.7402204
436,117,46.9617603,142.73663952424124
437,188,46.96170515,142.73606525
438,215,46.9614849,142.73865
439,64,46.9610074,142.7328864
440,150,46.96398385,142.7339120691558
441,37,47.0494504,142.7234827
442,155,46.9617398,142.7344960473639
443,46,46.9579626,142.7349175
444,90,46.9536673,142.73610291816487
445,188,46.9508541,142.7362284
446,106,46.9567043,142.7348625291866
447,123,46.9508541,142.7362284
448,181,46.95587385,142.7350292452869
449,123,46.9508541,142.7362284
450,124,46.95492475,142.73395928441232
451,162,46.95445285,142.73530205
452,113,46.9508541,142.7362284
453,111,46.95915895,142.7297851452052
454,143,46.95068205,142.75520694770623
455,,46.92998235,142.75712820314533
456,24,46.931242,142.75758911449532
457,12,46.928311,142.7592369
458,12,46.928311,142.7592369
459,12,46.928311,142.7592369
460,12,46.928311,142.7592369
461,12,46.928311,142.7592369
462,24,46.9309245,142.7582143775628
463,24,46.9301897,142.75835630454844
464,12,46.928311,142.7592369
465,24,46.93055355,142.75830239587867
466,24,46.928311,142.7592369
467,24,46.928311,142.7592369
468,,46.90804065,142.7490432066284
469,140,46.9363801,142.7574183
470,,46.90690735,142.74886549586518
471,,46.9066622,142.7490880652657
472,,46.9069567,142.74947085
473,720,46.948835,142.7276946
474,225,46.9555524,142.75669289822292
475,114,46.9566565,142.756548
476,207,46.95456775,142.7568886191599
477,207,46.953551700000006,142.75707893989778
478,125,46.95288405,142.7567234742369
479,116,46.955369000000005,142.7556384
480,215,46.928311,142.7592369
481,285,46.9555094,142.74878125801615
482,101,46.9546664,142.7489334
483,84,46.95440585,142.74915337133575
484,186,46.9522363,142.749507
485,122,46.9518042,142.7495366643273
486,Нет,46.9369843,142.7521237
487,229,46.95548555,142.74997409160255
488,Нет,46.9369843,142.7521237
489,193,46.95278915,142.74189479514928
490,140,46.9519036,142.7421415743504
491,160,46.95093985,142.7423324
492,48,46.9514542,142.74263652372088
493,95,46.950958400000005,142.7429521
494,217,46.95224185,142.75634957540092
495,67,46.9530552,142.75602733503266
496,113,46.95194465,142.75495008939407
497,129,46.9518898,142.7542829950967
498,124,47.05385435,142.7377453067137
499,103,47.0549455,142.73740172218407
500,112,46.9516509,142.7552431
501,44,46.9502786,142.7413637
502,37,46.9504016,142.7423151
503,98,46.9525771,142.75307674781362
504,Нет,47.055729,142.739398
505,Нет,46.948835,142.7276946
506,38,46.9532598,142.7545004453304
507,Нет,46.948835,142.7276946
508,45,46.95310985,142.75283755459793
509,Нет,46.948835,142.7276946
510,47,46.9532159,142.74386657368862
511,51,46.9517746,142.744138954728
512,62,46.9512657,142.74425275471214
513,53,46.950818100000006,142.7443414
514,47,46.9522795,142.7435511492024
515,28,46.9523233,142.74301750451053
516,43,46.95163585,142.74367341930244
517,30,46.95149755,142.74317434548564
518,209,46.956476550000005,142.7561416985456
519,89,46.951349500000006,142.74985186143005
520,178,46.9517972,142.7513113424386
521,226,47.05734605,142.73882250000003
522,,46.9071048,142.7486557010757
523,,46.9072709,142.74839682894282
524,,46.90731095,142.7490151
525,,46.90758580000001,142.74812194981251
526,,46.9075418,142.74879899460626
527,,46.90789965,142.7484025438206
528,,46.9081743,142.74756749050445
529,,46.9083318,142.74788427039874
530,,46.90831245,142.74740692838864
531,,46.90849245,142.74779184654244
532,12,46.928311,142.7592369
533,12,46.928311,142.7592369
534,12,46.928311,142.7592369
535,12,46.928311,142.7592369
536,132,46.95485205,142.75526551192746
537,16,46.9524314,142.7313154
538,65,46.95339855,142.7435582467839
539,74,46.9532611,142.7420688
540,Нет,46.9524314,142.7313154
541,123,46.9553935,142.75411586516913
542,4,46.933291,142.75561345
543,Нет,46.9524314,142.7313154
544,18,46.9524314,142.7313154
545,Нет,46.9524314,142.7313154
546,46,46.95555895,142.7535118478645
547,124,46.9552859,142.75291780296402
548,,46.91706215,142.74320765169125
549,,46.9169033,142.7416496
550,11,46.91688475,142.74106590196172
551,,46.9178625,142.74223
552,115,46.9552595,142.7518186273242
553,5,46.91719505,142.74410329551068
554,89,46.95280545,142.7429259
555,227,46.9539738,142.74984654100143
556,,46.9178625,142.74223
557,,46.9178625,142.74223
558,,46.91669135,142.7402731
559,,46.917695,142.74098743946007
560,,46.9178625,142.74223
561,,46.9173493,142.74107044510777
562,,46.9092333,142.74905943049146
563,,46.9170092,142.7418239
564,,46.9443075,142.7310525
565,21,46.9825744,142.7299464
566,21,46.9825744,142.7299464
567,54,46.9806563,142.73058730000002
568,35,46.98134035,142.73004711435055
569,21,46.9825744,142.7299464
570,108,46.96968125,142.7404988
571,,46.9681935,142.69807555
572,20,46.9544555,142.75507075000002
573,Нет,46.9524314,142.7313154
574,Нет,46.9524314,142.7313154
575,Нет,46.9524314,142.7313154
576,22,46.9524314,142.7313154
577,Нет,46.9524314,142.7313154
578,24,46.9524314,142.7313154
579,24,46.9524314,142.7313154
580,Нет,46.9524314,142.7313154
581,Нет,46.9524314,142.7313154
582,123,46.95181525,142.7557554
583,37,46.94265405,142.73571245
584,96,46.9528806,142.74341800000002
585,90,46.93863055,142.75640525234235
586,41,46.93845185,142.7560127
587,61,46.938238,142.75574535399397
588,191,46.93816515,142.7568938
589,82,46.9376324,142.7565418
590,90,46.9378516,142.7560724
591,73,46.9377222,142.75547954509636
592,16,46.93756075,142.75613249999998
593,280,46.9405169,142.7381791
594,222,46.9422976,142.7506937245657
595,176,46.9405169,142.7381791
596,149,46.9420982,142.74965595
597,235,46.9405169,142.7381791
598,191,46.9434345,142.7527962
599,83,46.9700569,142.74582149999998
600,169,46.9385758,142.7530678529049
601,186,46.93866435,142.75489584687446
602,49,46.93844645,142.7553430955207
603,80,46.93828425,142.752496054987
604,174,46.93776305,142.75271635
605,108,46.93732915,142.7532723000179
606,112,46.9374168,142.75420066083183
607,136,46.937483,142.75499525932358
608,155,46.94026695,142.75030119872093
609,161,46.9405838,142.74954002440063
610,169,46.98511845,142.74817360511094
611,105,46.9396705,142.74891858201556
612,95,46.93947615,142.74914813194312
613,236,46.9411939,142.75091132456572
614,161,46.9411356,142.7500209
615,166,46.93948405,142.75004569531797
616,144,46.9835412,142.7191475
617,182,46.93976565,142.75096143086893
618,52,46.9310052,142.7562671963559
619,100,46.9835412,142.7191475
620,220,46.93830115,142.75148562592477
621,141,46.9378752,142.75086234999998
622,155,46.93656145,142.75186125
623,138,46.9374057,142.75167978238974
624,130,46.9368004,142.75089080834766
625,383,46.9420372,142.7445415569528
626,151,46.9402989,142.7447085
627,120,46.94072735,142.7453929
628,221,46.9407889,142.74643075
629,413,46.94120215,142.74723363611008
630,342,46.9400387,142.7447481
631,310,46.940017100000006,142.74720288578823
632,336,46.9388399,142.74772793865395
633,127,46.9388232,142.74518033531348
634,158,46.937934350000006,142.74522237417898
635,129,46.9383786,142.74587229540003
636,214,46.93841585,142.7468740408138
637,327,46.9449776,142.7432882
638,307,46.93769115,142.74761165342
639,123,46.936443800000006,142.74565829072571
640,178,46.9327595,142.7453661
641,178,46.9363801,142.7574183
642,145,46.9363801,142.7574183
643,395,46.9363801,142.7574183
644,189,46.9363801,142.7574183
645,199,46.9363801,142.7574183
646,213,46.9363344,142.74760813725285
647,78,46.95583245,142.7555613567109
648,108,46.931691,142.7583449
649,108,46.931691,142.7583449
650,108,46.931691,142.7583449
651,51,46.9603278,142.7286895653034
652,176,46.9597412,142.7290719253936
653,117,46.95930645,142.7283609548143
654,108,46.9590728,142.72778915
655,1,46.96117105,142.71905273210547
656,24,46.95561785,142.74274895
657,39,46.97451995,142.7389826
658,18,46.9732742,142.7398224
659,98,46.97326465,142.73975475
660,109,46.96831985,142.74073207411203
661,147,46.96784825,142.7408220592165
662,129,46.9749374,142.73858155
663,125,46.97458885,142.7382547
664,222,46.9712143,142.738678
665,28,46.9712906,142.74021242325918
666,70,46.9713937,142.73980445
667,28,46.97120995,142.73944629582238
668,35,46.97086665,142.7394897
669,32,46.9705151,142.73956108243
670,27,46.9701276,142.7396703
671,105,46.9819167,142.7358201
672,106,46.9819167,142.7358201
673,40,46.96506805,142.73642325
674,293,46.9363801,142.7574183
675,123,46.9363801,142.7574183
676,100,46.9363801,142.7574183
677,129,46.9363801,142.7574183
678,393,46.9659042,142.7330322
679,114,46.96631605,142.733611
680,154,46.967865,142.74818735000002
681,66,46.9681983,142.74778655
682,126,46.9655331,142.7363941755296
683,70,46.9664519,142.73513072335317
684,219,46.9666354,142.73331985
685,50,46.95854035,142.74869555447285
686,Нет,46.95614685,142.7270393
687,Нет,46.928311,142.7592369
688,Нет,46.928311,142.7592369
689,Нет,46.9297461,142.75694150335232
690,Нет,46.928311,142.7592369
691,Нет,46.928311,142.7592369
692,Нет,46.928311,142.7592369
693,Нет,46.932804,142.75776984533758
694,Нет,46.928311,142.7592369
695,Нет,46.928311,142.7592369
696,Нет,46.928311,142.7592369
697,Нет,46.928311,142.7592369
698,Нет,46.928311,142.7592369
699,Нет,46.928311,142.7592369
700,12,46.928311,142.7592369
701,Нет,46.928311,142.7592369
702,4,46.928311,142.7592369
703,Нет,46.928311,142.7592369
704,Нет,46.928311,142.7592369
705,Нет,46.928311,142.7592369
706,Нет,46.928311,142.7592369
707,5,46.95408365,142.7186054
708,38,46.95633185,142.71845100000002
709,8,46.9522267,142.7200374
710,3,46.9518927,142.72011375464277
711,,46.9580699,142.6820682
712,4,46.95156485,142.7201823465597
713,20,46.9580699,142.6820682
714,9,46.9580699,142.6820682
715,20,46.97648005,142.71648664999998
716,Нет,46.98740595,142.74554135
717,,46.9511344,142.71613547710575
718,Нет,46.9369843,142.7521237
719,Нет,46.9369843,142.7521237
720,Нет,46.9369843,142.7521237
721,Нет,46.9330089,142.7557943
722,Нет,46.9369843,142.7521237
723,Нет,46.9369843,142.7521237
724,Нет,46.9816071,142.73148559618858
725,Нет,46.9175384,142.7425381222138
726,Нет,46.91742035,142.7428391
727,Нет,46.917083950000006,142.74259707461945
728,Нет,46.9170905,142.74346410722455
729,Нет,46.9178625,142.74223
730,Нет,46.91741435,142.7442444159281
731,Нет,46.9178625,142.74223
732,Нет,46.9178625,142.74223
733,Нет,46.9157391,142.73998756659665
734,10,46.97749325,142.7198033
735,Нет,46.9806182,142.7149178
736,Нет,46.9807351,142.71601195375968
737,Нет,47.01161495,142.73272790493257
738,7,47.0112714,142.7320721391892
739,12,47.01108065,142.73172780000002
740,4,47.01091095,142.7313651924889
741,3,47.0105775,142.7306462387922
742,Нет,46.95129875,142.66225833442857
743,19,46.9633435,142.7354561037165
744,13,46.9638168,142.7385873
745,Нет,46.9638168,142.7385873
746,Нет,46.9638168,142.7385873
747,30,46.9638168,142.7385873
748,Нет,46.9655335,142.73999904908365
749,Нет,46.948835,142.7276946
750,Нет,46.9524314,142.7313154
751,21,46.9524314,142.7313154
752,5,46.98313805,142.73522735
753,4,46.9819167,142.7358201
754,Нет,46.9836668,142.7351382
755,Нет,46.90901565,142.7492864876483
756,4,46.9093227,142.74957401026697
757,Нет,46.9095827,142.7489723
758,Нет,46.9095827,142.7489723
759,Нет,46.9098264,142.74846106110556
760,Нет,46.9100253,142.74880635
761,Нет,46.98399975,142.73267205000002
762,Нет,46.9836318,142.7325501
763,Нет,46.982931,142.73289101992106
764,Нет,46.983996950000005,142.74300649999998
765,22,46.9363801,142.7574183
766,8,46.9363801,142.7574183
767,15,46.9363801,142.7574183
768,13,46.9363801,142.7574183
769,12,46.9363801,142.7574183
770,13,46.9363801,142.7574183
771,Нет,46.9363801,142.7574183
772,Нет,46.9363801,142.7574183
773,14,46.95076565,142.71223832310136
774,28,46.9626018,142.6997477
775,Нет,46.90799695,142.74781398136165
776,Нет,46.9077815,142.7479963648035
777,Нет,46.90811215,142.74818365
778,,46.9563439,142.7206989
779,Нет,46.9861655,142.747533
780,4,46.9835412,142.7191475
781,Нет,46.9076487,142.74914749786325
782,Нет,46.9075315,142.7484821
783,Нет,46.90714805,142.74715296132763
784,Нет,46.9075315,142.7484821
785,Нет,46.907197,142.748096804
786,Нет,46.90789685,142.74877104990446
787,Нет,46.906944,142.74777184328727
788,Нет,46.9074342,142.74780950000002
789,Нет,46.90683305,142.7474689679565
790,Нет,46.907282550000005,142.74750035
791,Нет,46.9069189,142.7471616076075
792,9,46.95107705,142.71945928115383
793,,46.9500477,142.7126989
794,6,46.950629250000006,142.7169241966214
795,38,46.931691,142.7583449
796,36,46.97900925,142.72972275308626
797,251,46.920925,142.74920305
798,219,46.92101265,142.75052512561956
799,36,46.92106815,142.75121975
800,251,46.91996279999999,142.74939615482967
801,237,46.920108,142.7507015349099
802,52,46.9819167,142.7358201
803,0,46.9706497,142.6851834
804,0,46.9706497,142.6851834
805,33,46.9706497,142.6851834
806,52,46.9706497,142.6851834
807,0,46.9706497,142.6851834
808,0,46.9706497,142.6851834
809,0,46.9706497,142.6851834
810,0,46.9706497,142.6851834
811,0,46.9706497,142.6851834
812,0,46.9706497,142.6851834
813,0,46.9706497,142.6851834
814,0,46.9706497,142.6851834
815,277,46.9595828,142.73497460502938
816,24,46.96138175,142.75510034461962
817,24,46.9637436,142.73584185207824
818,243,46.9200295,142.75004609517836
819,0,46.9706497,142.6851834
820,201,46.95279135,142.74102154514856
821,173,46.9515671,142.74078494999998
822,201,46.9515492,142.74057685000002
823,197,46.9506547,142.74145264513768
824,239,46.94898665,142.74171805491312
825,216,46.9476724,142.74196899384643
826,205,46.9463819,142.74221627503175
827,67,46.94955275,142.74164095
828,81,46.94702185,142.74212762872187
829,150,46.9221475,142.7477333
830,76,46.9369843,142.7521237
831,90,46.93481405,142.75134187424226
832,278,46.93372965,142.74747773961946
833,129,46.9326629,142.7474779
834,129,46.93473245,142.7507701
835,141,46.9363801,142.7574183
836,77,46.9343193,142.74855144999998
837,191,46.934414,142.74789205000002
838,205,46.93434785,142.7472874
839,136,46.931691,142.7583449
840,235,46.93431075,142.7521794324921
841,161,46.9342342,142.7512778537095
842,241,46.93371265,142.75163955000005
843,127,46.93368625,142.74993203699825
844,62,46.9340874,142.74638627019507
845,196,46.9331705,142.7471411
846,101,46.9326624,142.7468971
847,68,46.93225955,142.74712615
848,90,46.93186055,142.7472308526905
849,104,46.931322,142.74715760432417
850,77,46.9363801,142.7574183
851,136,46.9363801,142.7574183
852,56,46.9363801,142.7574183
853,59,46.9315386,142.7504988
854,95,46.93217295,142.7503797
855,360,46.9311547,142.74993923520643
856,59,46.93144395,142.74915347626398
857,137,46.9310478,142.74877972670234
858,154,46.93159125,142.7485540036034
859,129,46.930904350000006,142.74744799629747
860,194,46.9331799,142.750218
861,182,46.9328721,142.74927797407167
862,144,46.93257305,142.7463564807348
863,217,46.9312669,142.74658975
864,106,46.93418005,142.75439605
865,120,46.9351637,142.75617569999997
866,113,46.9345687,142.75594304999998
867,13,46.9325003,142.75763482701865
868,,46.9432652,142.71997845
869,245,46.931017,142.7527818
870,114,46.9846391,142.7364454
871,4,46.9655605,142.709595
872,24,46.94339955,142.7211866
873,48,46.9763258,142.6905162
874,12,46.98101605,142.7156572
875,12,46.98097095,142.71519592070047
876,5,46.95555295,142.69147136903473
877,,47.01188745,142.7338863421728
878,,47.011445,142.73241610639772
879,,46.9845892,142.6799918833492
880,,46.9182267,142.75652737630344
881,34,46.9078471,142.7572007
882,,46.9500054,142.71116865
883,Нет,46.9835412,142.7191475
884,45,46.921343,142.7375256
885,81,46.9685203,142.7562162
886,,46.9539767,142.7184375
887,12,46.9659744,142.7188032
888,7,46.9682946,142.71830115
889,12,46.9591877,142.70150035
890,12,46.92372825,142.7363187753356
891,12,46.9565824,142.726961395753
892,12,46.9772041,142.7196684
893,12,46.97754855,142.72133200000002
894,,46.9580922,142.72055459716006
895,,46.94999635,142.72182114999998
896,,46.9758058,142.7248971
897,,46.9596454,142.7307571
898,,46.9520879,142.7101281774958
899,,46.97190815,142.72744195
900,13,46.9633672,142.71023102398533
901,7,46.96309445,142.71026839692695
902,,46.9397315,142.73003455
903,,46.95189285,142.72371075
904,,46.9580699,142.6820682
905,19,46.95151595,142.71939432273734
906,25,46.9580699,142.6820682
907,24,46.9511538,142.7197713476926
908,26,46.9580699,142.6820682
909,,46.9440138,142.72075042699709
910,,46.97157015,142.7155152710645
911,,46.9715594,142.71511825
912,12,46.9715527,142.7145527
913,,46.983343,142.7438042
914,,46.98080715,142.74151178790768
915,,46.97558495,142.69191335621963
916,3,46.9757339,142.69274435
917,,46.97556075,142.69156405621965
918,12,46.976231,142.69075933163356
919,,46.9586334,142.70997269999998
920,,46.9818217,142.73372404999998
921,,46.98177325,142.73309877836954
922,12,46.98273765,142.7350146210344
923,,46.9717877,142.720497
924,12,46.98105515,142.71600902907667
925,12,46.9807314,142.7143941
926,12,46.98092865,142.71484705
927,,46.96026735,142.6938413250343
928,5,46.96738525,142.71269215399144
929,1,46.9670585,142.7127306
930,Нет,46.896383,142.741432
931,15,46.9380777,142.73338785
932,,46.96993865,142.6976056488168
933,,46.9512488,142.66306739909177
934,5,46.9221475,142.7477333
935,72,46.9819167,142.7358201
936,23,46.98383855,142.74247321191652
937,,46.964694,142.6961624
938,15,46.96273205,142.6959601
939,12,46.9360462,142.7321378481489
940,12,46.9356723,142.7305724265363
941,14,46.948835,142.7276946
942,Нет,46.93897805,142.73235074501946
943,,46.95627015,142.71745142581062
944,,46.9380693,142.7301148569194
945,,46.94335395,142.72072421247202
946,5,46.94331045,142.7203371475088
947,,46.9837614,142.73272320244843
948,,46.98328055,142.73246817344577
949,9,46.9836318,142.7325501
950,,46.9832145,142.7328208533063
951,,46.98255785,142.73257905
952,,46.9823607,142.7326275266234
953,4,46.9836318,142.7325501
954,,46.98313485,142.742639
955,,46.9818798,142.741324
956,,46.984601350000005,142.74344330000002
957,8,46.96679165,142.71022195
958,,46.966755500000005,142.70995929999998
959,,46.96633405,142.70858106773176
960,,46.9662964,142.7081696712329
961,11,46.97603035,142.72559107250936
962,4,46.97542915,142.72521235
963,,46.964063,142.7116250489807
964,,46.96372255,142.7116556
965,,46.9707558,142.7202679
966,,46.9395073,142.73086165
967,,46.9391702,142.7309819289252
968,Нет,46.9833577,142.71690615
969,,46.9831087,142.7132423515548
970,,46.94269855,142.7397828002165
971,,46.9426076,142.73858739603958
972,6,46.9648814,142.7018634
973,,46.9767354,142.69060827628175
974,,46.9425124,142.7373804838639
975,,46.9956442,142.72862149270887
976,31,46.96451705,142.72813292871552
977,12,46.97725055,142.71568685227103
978,46,46.96375715,142.72148274633236
979,Нет,46.977022950000006,142.73506506921365
980,110,46.969856,142.74666845000002
981,142,46.9672727,142.7495472545025
982,35,46.96847245,142.7461291311698
983,22,46.9640339,142.7463994
984,19,46.9639256,142.746033081928
985,196,46.9634457,142.7466307
986,Нет,46.96216,142.7303486
987,47,46.9679494,142.731973
988,58,46.96664605,142.73438825
989,183,46.96548055,142.73283315000003
990,18,46.93621695,142.74328612928147
991,62,46.96334675,142.7400348
992,Нет,46.96695495,142.74501535
993,155,46.9641357,142.7442887705613
994,Нет,46.9693681,142.7421593
995,Нет,46.97520525,142.7412628329289
996,Нет,46.9033058,142.7530485
997,62,46.9572944,142.68005953140096
998,212,46.9652063,142.74361405565395
999,119,46.96583495,142.7202639772786
1000,109,46.96516785,142.72015715405217
1001,131,46.969327500000006,142.69962307859697
1002,Нет,46.96464305000001,142.7411103081605
1003,22,46.9626018,142.6997477
1004,182,46.9654834,142.73532075
1005,62,46.9648022,142.7348441
1006,25,46.9649581,142.7361003
1007,Нет,46.9745763,142.74110050000002
1008,189,46.968037550000005,142.74931852545026
1009,209,46.96799105,142.74875120000002
1010,100,46.96868765,142.74809372393378
1011,48,46.96841095,142.7466846
1012,0,46.96832155,142.74470190797277
1013,5,46.9679802,142.7434979
1014,152,46.97473145,142.73949414999998
1015,Нет,46.9446743,142.7457246
1016,64,46.9687221,142.7406502
1017,122,46.9735818,142.7399498
1018,112,46.9643323,142.74248096027804
1019,0,46.9727112,142.74086369999998
1020,Нет,46.972248,142.7409623
1021,212,46.9624958,142.74277331955852
1022,115,46.9622906,142.7421848962398
1023,22,46.96370895,142.7333279628514
1024,52,46.9642852,142.7398082993272
1025,212,46.96425945,142.74535705
1026,69,46.96234215,142.74546028359592
1027,27,46.9066775,142.75689688583716
1028,10,46.90639445,142.75647541283126
1029,24,46.9078471,142.7572007
1030,18,46.9074652,142.7568690492438
1031,7,46.90685205,142.75776350720224
1032,7,46.9078471,142.7572007
1033,5,46.9062144,142.75780109206335
1034,48,46.90605545,142.7571689015528
1035,48,46.90633835,142.75741150923565
1036,40,46.96692255,142.7474545454171
1037,23,46.9398451,142.745940483953
1038,26,46.9685203,142.7562162
1039,37,46.9685203,142.7562162
1040,199,46.98576055,142.75103886907118
1041,33,46.93425835,142.75343504062715
1042,39,46.9347462,142.75474989999998
1043,72,46.93178835,142.75385799230264
1044,56,46.9311508,142.75650595000002
1045,43,46.9294826,142.75516497909518
1046,84,46.9419541,142.7481156219963
1047,15,46.9679802,142.7434979
1048,28,46.9681817,142.74724912040443
1049,36,46.9679802,142.7434979
1050,17,46.96814775,142.74673646420916
1051,,46.9735818,142.7399498
1052,,46.971018650000005,142.7416664
1053,,46.97107445,142.7420235720727
1054,,46.9693681,142.7421593
1055,,46.9670262,142.74306332387388
1056,,46.9369843,142.7521237
1057,,46.97654625,142.7441376
1058,,46.97219965,142.72931526594869
1059,,46.9706639,142.74405134555704
1060,89,46.9876106,142.74404649198632
1061,75,46.96301575,142.73843590520465
1062,140,46.88570489999999,142.75133346693798
1063,5,46.9363803,142.73368699999995
1064,Нет,46.9239408,142.733973
1065,12,46.9850749,142.7400409268456
1066,12,46.98505645,142.7397326
1067,141,46.9857077,142.74803965
1068,25,46.98512235,142.74032077735933
1069,129,46.98593205,142.75018115
1070,180,46.9835412,142.7191475
1071,120,46.9835412,142.7191475
1072,240,46.9849164,142.7345153
1073,190,46.982154,142.71791752457654
1074,201,46.98513005,142.74737944999998
1075,240,46.9835412,142.7191475
1076,249,46.9835412,142.7191475
1077,35,46.9835412,142.7191475
1078,101,46.98215705,142.7154323
1079,66,46.9827802,142.7149033
1080,163,46.981943,142.71485537451633
1081,210,46.9824964,142.7139445
1082,24,46.9835412,142.7191475
1083,31,46.9835412,142.7191475
1084,19,46.9835412,142.7191475
1085,231,46.9862256,142.7482292
1086,133,46.9835412,142.7191475
1087,48,46.9835412,142.7191475
1088,243,46.9835412,142.7191475
1089,35,46.9816733,142.7137292
1090,28,46.97961925,142.72126541799437
1091,87,46.98510925,142.745449343438
1092,68,46.98447945,142.7451164
1093,60,46.9840768,142.7444052
1094,72,46.9835968,142.74445935
1095,68,46.98306795,142.74404872451714
1096,78,46.98272945,142.74385155
1097,61,46.98231305,142.74355535
1098,23,46.98194275,142.7430123355051
1099,110,46.9814706,142.7428205950774
1100,55,46.980769300000006,142.7312561
1101,6,46.98057285,142.714538
1102,Нет,46.9807981,142.7163433
1103,225,46.9812209,142.71414435000003
1104,Нет,46.9806979,142.71564965
1105,19,46.98402465,142.73568695
1106,49,46.9819167,142.7358201
1107,16,46.9819167,142.7358201
1108,88,46.9900219,142.7335593421056
1109,74,46.98942,142.73359270016556
1110,24,46.9819167,142.7358201
1111,13,46.99350865,142.7342234809302
1112,15,46.9241954,142.7472975
1113,200,46.98016295,142.71785875
1114,125,46.97966395,142.7156730255012
1115,169,46.9802729,142.7169992
1116,51,46.93031825,142.75591418352275
1117,88,46.9305305,142.7535245
1118,105,46.9305305,142.7535245
1119,107,46.9305305,142.7535245
1120,47,46.9305305,142.7535245
1121,157,46.9303265,142.7540447
1122,40,46.9296758,142.75461977058973
1123,240,46.9485601,142.73368087439502
1124,152,46.94781205,142.73382320000002
1125,240,46.94749825,142.73437565
1126,254,46.9491373,142.73553439212628
1127,189,46.95404215,142.73191287932255
1128,122,46.95337655,142.7319359451051
1129,144,46.896383,142.741432
1130,216,46.896383,142.741432
1131,128,46.94523635,142.73817605
1132,220,46.9443075,142.7310525
1133,Нет,46.928311,142.7592369
1134,216,46.9363801,142.7574183
1135,73,46.96996015,142.74809287821094
1136,73,46.9369843,142.7521237
1137,72,46.931691,142.7583449
1138,158,46.9802729,142.7169992
1139,15,46.9363801,142.7574183
1140,71,46.9280459,142.74720695
1141,,46.931369,142.7548859
1142,Нет,46.9457635,142.72711680057083
1143,196,46.94578065,142.73756459999998
1144,145,46.94639835,142.7376504
1145,112,46.9495254,142.7409236
1146,218,46.9490469,142.7403237754542
1147,170,46.948835,142.7276946
1148,185,46.950343700000005,142.7378813
1149,195,46.950288150000006,142.73724729537503
1150,185,46.949962850000006,142.73360117542757
1151,185,46.94989395,142.73287
1152,200,46.9496262,142.7323131
1153,101,46.9496079,142.7317452
1154,207,46.95273275,142.74038623028514
1155,198,46.95267525,142.7397615245567
1156,203,46.95210085,142.73985199577209
1157,186,46.95261305,142.73908665484396
1158,193,46.95255555,142.7385142
1159,180,46.95227075,142.73568632482326
1160,232,46.9522084,142.73501395
1161,195,46.9521248,142.73406430496328
1162,230,46.9520606,142.73338224999998
1163,188,46.9519602,142.73284521516013
1164,188,46.9519339,142.73203715
1165,100,46.948835,142.7276946
1166,55,46.95408485,142.73080182851737
1167,199,46.9527713,142.7313518998506
1168,91,46.9520365,142.73125445
1169,107,46.95143475,142.73137605
1170,113,46.9512356,142.7313533
1171,88,46.950205350000005,142.7316245048906
1172,113,46.9507566,142.73667849999998
1173,71,46.94888505,142.73630580000005
1174,360,46.948835,142.7276946
1175,108,46.9502495,142.740909152726
1176,16,46.95060855,142.74080175
1177,19,46.948835,142.7276946
1178,64,46.9499068,142.7371031
1179,162,46.94899575,142.73817409999998
1180,108,46.948835,142.7276946
1181,24,46.948835,142.7276946
1182,133,46.9710037,142.7380105
1183,10,46.9454908,142.74123375404974
1184,165,46.95610975,142.73133502052332
1185,126,46.95547945,142.73161422573102
1186,24,46.9508541,142.7362284
1187,18,46.9443075,142.7310525
1188,147,46.94619975,142.7365597
1189,360,46.9443075,142.7310525
1190,240,46.9532767,142.73790549276222
1191,120,46.948835,142.7276946
1192,168,46.928311,142.7592369
1193,108,46.96906825,142.75015189983793
1194,202,46.9622706,142.7258593576135
1195,187,46.961315,142.7260216
1196,191,46.96038165,142.72644392545885
1197,191,46.9544055,142.7435328450062
1198,60,46.95104255,142.74659
1199,Нет,46.9443075,142.7310525
1200,164,46.9607577,142.7257453
1201,72,46.9825744,142.7299464
1202,72,46.97982815,142.7307424716417
1203,72,46.9825744,142.7299464
1204,147,46.9430531,142.7513665
1205,155,46.94258185,142.75158221640203
1206,128,46.942566,142.75278775550555
1207,105,46.94213975,142.7521461
1208,120,46.9416799,142.75176837439727
1209,217,46.94175725,142.75283848712263
1210,119,46.941215,142.75239274348422
1211,127,46.94074115,142.75195146907134
1212,111,46.94085005,142.75303562334886
1213,216,46.9409383,142.75363547672583
1214,54,46.9404315,142.7525738330403
1215,98,46.94002495,142.75325775962665
1216,112,46.9401792,142.75404576189655
1217,54,46.9400532,142.75451665
1218,208,46.93950685,142.75276870729778
1219,84,46.939061550000005,142.75417501017216
1220,210,46.9395549,142.75470015475906
1221,105,46.9405169,142.7381791
1222,55,46.9405169,142.7381791
1223,144,46.9405169,142.7381791
1224,107,46.9405169,142.7381791
1225,169,46.9419134,142.7547000255136
1226,108,46.9405169,142.7381791
1227,213,46.9405169,142.7381791
1228,144,46.9426399,142.75600445
1229,90,46.9426091,142.75553385
1230,54,46.94236065,142.75519028941702
1231,89,46.9418303,142.7557411769441
1232,197,46.9414087,142.75627327571272
1233,55,46.94162485,142.7553313098224
1234,54,46.94104365,142.75490352226137
1235,58,46.9408231,142.7556351768729
1236,54,46.9410816,142.75546255
1237,,46.928311,142.7592369
1238,205,47.05396985,142.73544885
1239,93,46.94980535,142.75346930580554
1240,98,46.9501696,142.75330615
1241,136,46.95070915,142.7519019
1242,170,46.9502597,142.7525845464284
1243,198,46.95027195,142.75192364999998
1244,204,46.9497806,142.74842309999997
1245,201,46.94972495,142.7478224409183
1246,203,46.9496516,142.74718324999998
1247,215,46.94957595,142.74652285774897
1248,223,46.9498764,142.7452711942073
1249,254,46.9490428,142.7455749
1250,192,46.9498484,142.7444777
1251,228,46.9478504,142.74369095
1252,206,46.947044,142.7432751
1253,206,46.9471035,142.74413040000002
1254,133,46.95004645,142.7492152242961
1255,182,46.9492054,142.74938425
1256,187,46.948898,142.74881165493213
1257,200,46.9481826,142.74958974999998
1258,212,46.9478879,142.7490145950698
1259,122,46.948586500000005,142.75014906271895
1260,128,46.9486657,142.7512140088064
1261,132,46.94816345,142.7506952106233
1262,81,46.9453592,142.75126899014086
1263,94,46.944944750000005,142.75135659575938
1264,215,46.94640205,142.74711524999998
1265,240,46.9456863,142.7459883
1266,138,46.94650085,142.7465013256875
1267,56,46.945994,142.7466913
1268,214,46.9462391,142.74528039531674
1269,186,46.94619375,142.74343284694106
1270,240,46.9956442,142.72862149270887
1271,65,46.9405169,142.7381791
1272,76,46.9389638,142.75322841865415
1273,180,46.96041665,142.7273358254423
1274,110,46.95980385,142.72694609315712
1275,52,46.9584549,142.74396425536457
1276,96,46.9089542,142.75738456086714
1277,96,46.9121278,142.7605616
1278,13,46.90849845,142.758839149194
1279,28,46.9081297,142.75878668691206
1280,22,46.9077561,142.7586728492438
1281,12,46.909029,142.75781331974366
1282,11,46.90945615,142.75801601675192
1283,27,46.90845265,142.75931124238878
1284,19,46.9080273,142.75923008653962
1285,18,46.90766355,142.75911540696
1286,5,46.9090154,142.75844474543095
1287,11,46.90945825,142.75862577306566
1288,13,46.90846545,142.75981413060623
1289,23,46.90756184999999,142.75955664919397
1290,96,46.9090621,142.75905005954553
1291,96,46.90942895,142.75923057203448
1292,96,46.90900525,142.75971322914256
1293,96,46.90939245,142.7598141527971
1294,21,46.9078471,142.7572007
1295,18,46.9078471,142.7572007
1296,17,46.9078471,142.7572007
1297,28,46.9071024,142.75681541961416
1298,96,46.9078471,142.7572007
1299,24,46.9078471,142.7572007
1300,96,46.9078471,142.7572007
1301,96,46.9078471,142.7572007
1302,11,46.90645765,142.7560724534767
1303,96,46.9061053,142.7581926844226
1304,20,46.9058684,142.75761306460674
1305,23,46.9078471,142.7572007
1306,22,46.9078471,142.7572007
1307,92,46.9569168,142.74554245512985
1308,93,46.9418671,142.7319680184406
1309,126,46.9410868,142.7327613556095
1310,64,46.940899900000005,142.73194472636547
1311,14,46.955117900000005,142.74323900000002
1312,32,46.9315615,142.75430377934342
1313,30,46.9320067,142.7543462
1314,240,46.9458439,142.73438418359848
1315,180,46.94503135,142.734318
1316,180,46.9482051,142.73302720468888
1317,96,46.94712145,142.7270967
1318,96,46.9556437,142.7269827
1319,240,46.9405169,142.7381791
1320,91,46.94400555,142.735891
1321,89,46.9536546,142.7299866
1322,8,46.96115505,142.7456472460772
1323,17,46.94344575,142.7359379
1324,120,46.9626018,142.6997477
1325,30,46.921343,142.7375256
1326,26,46.921343,142.7375256
1327,Нет,46.97932095,142.7333101044576
1328,96,46.9515551,142.7567523
1329,64,46.9487184,142.73279601621624
1330,132,46.9679802,142.7434979
1331,17,46.9580699,142.6820682
1332,12,46.97246485,142.72160492904857
1333,134,46.98225775,142.73021440852003
1334,62,46.9813174,142.73044734193746
1335,Нет,46.9825744,142.7299464
1336,16,46.921343,142.7375256
1337,87,46.9490177,142.7305208
1338,16,46.9619904,142.75434382479943
1339,48,46.9684949,142.734688
1340,34,46.96943375,142.73782094521275
1341,19,46.9624916,142.7378547
1342,17,46.956857,142.72963993652206
1343,39,46.90981375,142.73599517069766
1344,Нет,46.9638168,142.7385873
1345,97,46.9436476,142.72960949943024
1346,560,46.93321665,142.75352375
1347,26,46.9539649,142.7302948
1348,18,46.9638168,142.7385873
1349,120,46.9509989,142.7314266
1350,72,46.9485183,142.72629645
1351,59,46.94844165000001,142.72565101550416
1352,72,46.9483479,142.72503539035313
1353,72,46.9492752,142.73056255
1354,180,46.947836,142.725396804394
1355,144,46.9557427,142.7235206
1356,120,46.9468897,142.72587012362206
1357,180,46.947327900000005,142.73154689999998
1358,96,46.94581,142.73181000407249
1359,180,46.9482302,142.73193435
1360,180,46.94403275,142.7322001200692
1361,180,46.94342815,142.73230632864613
1362,240,46.9425206,142.7324925196076
1363,65,46.9639225,142.71785690000002
1364,120,46.9369843,142.7521237
1365,180,46.9505716,142.7463594
1366,120,46.9498451,142.7312537
1367,240,46.94063125,142.73279885
1368,180,46.94379635,142.7308705
1369,240,46.9427551,142.72943222431405
1370,40,46.9438621,142.72384075
1371,153,46.94788745,142.7346739453636
1372,179,46.94795115,142.73546625
1373,240,46.9452995,142.7371778
1374,108,46.9802729,142.7169992
1375,148,46.96333985,142.74191480000002
1376,,46.94729435,142.75942465
1377,,46.947434400000006,142.7598441240428
1378,,46.9471875,142.7598768816964
1379,,46.94747205,142.76028601118395
1380,,46.94723115,142.76029674452263
1381,,46.94694805,142.75918317104487
1382,,46.94691375,142.7595191414975
1383,,46.9469601,142.7598734
1384,,46.9468911,142.7603648322093
1385,,46.94664775,142.75892095660015
1386,,46.946475750000005,142.75931695238927
1387,,46.94624075,142.75858637397306
1388,,46.9462655,142.75915974750205
1389,54,46.9494007,142.73733570000002
1390,120,46.9471574,142.73888779853198
1391,219,46.9470835,142.73736023071845
1392,240,46.9532767,142.73790549276222
1393,60,46.9221475,142.7477333
1394,24,46.9643061,142.74585025
1395,24,46.96425945,142.74535705
1396,8,46.9644271,142.7438272233112
1397,24,46.9640745,142.74332825
1398,9,46.96404325,142.7428448
1399,19,46.9636119,142.74647395
1400,38,46.9627504,142.74551355
1401,23,46.96348115000001,142.7454853714517
1402,16,46.963866,142.74534832737982
1403,20,46.96314265,142.7452505
1404,19,46.96342635,142.7449059
1405,17,46.96287745,142.7442445044289
1406,17,46.96373455,142.74363564214127
1407,17,46.96324505,142.7429093
1408,166,46.948056300000005,142.7363966256387
1409,17,46.9819167,142.7358201
1410,33,46.9819167,142.7358201
1411,108,46.98025245,142.721282890502
1412,85,47.05455745,142.73551229999998
1413,151,46.9807314,142.7143941
1414,99,46.972976900000006,142.73879504742416
1415,0,46.92110235,142.7371748
1416,36,46.9825744,142.7299464
1417,42,46.9819167,142.7358201
1418,72,46.9825744,142.7299464
1419,36,46.9825744,142.7299464
1420,72,46.98226545,142.72982249550645
1421,45,46.9825744,142.7299464
1422,72,46.9825744,142.7299464
1423,72,46.9825744,142.7299464
1424,540,46.9405169,142.7381791
1425,120,46.9382305,142.7371095
1426,71,46.9382305,142.7371095
1427,396,46.9294489,142.7543822
1428,72,46.9474511,142.75914094180325
1429,Нет,46.9369843,142.7521237
1430,60,46.9607577,142.7257453
1431,84,46.9530964,142.7362115
1432,Нет,46.9592094,142.7423706
1433,Нет,46.9607777,142.7557447
1434,55,46.9672732,142.74848959633147
1435,44,46.94855635,142.726919742476
1436,61,46.948835,142.7276946
1437,108,46.931691,142.7583449
1438,108,46.931691,142.7583449
1439,141,46.9437086,142.73020910479272
1440,,46.9684949,142.734688
1441,260,46.9642206,142.7372306936834
1442,38,46.9627525,142.742011476598
1443,400,46.9287725,142.75516151260314
1444,180,46.9556651,142.7386907
1445,56,46.9408052,142.7313870906888
1446,864,46.9685203,142.7562162
1447,240,46.9646209,142.7456441
1448,72,46.9841338,142.6836564596881
1449,108,46.98409125,142.6829993343632
1450,108,46.984246600000006,142.68253649828534
1451,72,46.984067550000006,142.68193241657798
1452,108,46.98399915,142.68114303725295
1453,108,46.9839863,142.680486405
1454,108,46.9839611,142.680068505544
1455,108,46.98394105,142.6794122653846
1456,156,46.9839082,142.6789994311738
1457,108,46.98384225,142.67833379596016
1458,108,46.98385175,142.67766920951146
1459,75,46.9382305,142.7371095
1460,132,46.9382305,142.7371095
1461,93,46.9443885,142.73543990000002
1462,333,46.92770805,142.7563838261834
1463,490,46.9280231,142.75701694999998
1464,489,46.92750245,142.75748372846016
1465,175,46.9797498,142.7342372
1466,,46.931369,142.7548859
1467,60,46.9546547,142.7356873
1468,144,46.982807050000005,142.68577377484846
1469,108,46.9824808,142.68533538023345
1470,108,46.982597850000005,142.68491174393256
1471,108,46.98242445,142.68426203102084
1472,108,46.98240585,142.68383184930212
1473,72,46.9823803,142.68318192404075
1474,108,46.98249745,142.68275794880043
1475,108,46.98232515,142.68212767956106
1476,108,46.98228925,142.6813382442463
1477,108,46.98225125,142.68069671749998
1478,108,46.98222785,142.68026641425342
1479,108,46.98218525,142.67960436906262
1480,108,46.98216615,142.67919982762328
1481,108,46.98213175,142.67853465966851
1482,108,46.98197675,142.67789554528767
1483,72,46.9831557,142.68526326954265
1484,108,46.98311,142.6848542340228
1485,108,46.98311115,142.68418641210098
1486,72,46.98307055,142.68376378773326
1487,108,46.98306355,142.68311403746134
1488,72,46.9830083,142.682704355
1489,108,46.9829937,142.68204794306632
1490,108,46.98293985,142.68126477396962
1491,108,46.9828921,142.68059284499998
1492,108,46.9830362,142.6801762546956
1493,108,46.98283585,142.67952743928367
1494,108,46.98297905,142.6791002872862
1495,108,46.9827781,142.67845281126773
1496,108,46.98318905,142.6777364479622
1497,108,46.9835364,142.6809639
1498,3,46.9576184,142.7221366
1499,12,46.9714616,142.72393565
1500,13,46.948835,142.7276946
1501,4,46.9576184,142.7221366
1502,6,46.9576184,142.7221366
1503,4,46.9576184,142.7221366
1504,3,46.9576184,142.7221366
1505,5,46.9576184,142.7221366
1506,8,46.9594243,142.72157832611856
1507,2,46.9588078,142.72043390408297
1508,8,46.9563439,142.7206989
1509,51,46.9835412,142.7191475
1510,12,47.01044525,142.71615004987063
1511,16,46.9443075,142.7310525
1512,12,46.9770348,142.72871323251655
1513,12,46.9556651,142.7386907
1514,8,46.9684949,142.734688
1515,0,46.9724997,142.7390487
1516,3,46.9576184,142.7221366
1517,21,46.9827695,142.7296741545705
1518,23,46.9556651,142.7386907
1519,13,46.9956442,142.72862149270887
1520,0,46.9830369,142.7300328419375
1521,132,46.9790912,142.73393703769017
1522,37,46.9770348,142.72871323251655
1523,6,46.9956442,142.72862149270887
1524,1,46.9563439,142.7206989
1525,3,46.9797498,142.7342372
1526,7,46.9563439,142.7206989
1527,2,46.9956442,142.72862149270887
1528,15,46.9797498,142.7342372
1529,20,46.9443075,142.7310525
1530,6,46.9684949,142.734688
1531,5,46.9684949,142.734688
1532,34,46.9793936,142.73464312757142
1533,10,46.9724957,142.7401551
1534,2,46.9563439,142.7206989
1535,29,46.9790912,142.73393703769017
1536,18,46.949247850000006,142.726626
1537,0,46.9825744,142.7299464
1538,0,46.9825744,142.7299464
1539,0,46.9825744,142.7299464
1540,0,46.9825744,142.7299464
1541,7,46.9576184,142.7221366
1542,4,46.9580859,142.7218477214425
1543,3,46.95891565,142.72170122345506
1544,7,46.9576184,142.7221366
1545,0,46.9563439,142.7206989
1546,19,46.9909139,142.7439299
1547,0,46.9685203,142.7562162
1548,20,46.9897853,142.7298365
1549,12,46.9909139,142.7439299
1550,,46.9825744,142.7299464
1551,21,46.9580699,142.6820682
1552,99,46.98385175,142.67766920951146
1553,0,46.9830083,142.682704355
1554,0,46.98311115,142.68418641210098
1555,0,46.98311,142.6848542340228
1556,0,46.9831557,142.68526326954265
1557,0,46.9829937,142.68204794306632
1558,0,46.98307055,142.68376378773326
1559,0,46.98306355,142.68311403746134
1560,0,46.98213175,142.67853465966851
1561,0,46.9824808,142.68533538023345
1562,0,46.982807050000005,142.68577377484846
1563,0,46.98242445,142.68426203102084
1564,72,46.9574273,142.727438
1565,0,46.9574273,142.727438
1566,0,46.9574273,142.727438
1567,0,46.98232515,142.68212767956106
1568,72,46.96425945,142.74535705
1569,0,46.98293985,142.68126477396962
1570,72,46.9574273,142.727438
1571,0,46.9823803,142.68318192404075
1572,0,46.98228925,142.6813382442463
1573,0,46.9574273,142.727438
1574,0,46.982597850000005,142.68491174393256
1575,0,46.98240585,142.68383184930212
1576,0,46.98222785,142.68026641425342
1577,0,46.98225125,142.68069671749998
1578,0,46.9827781,142.67845281126773
1579,0,46.98249745,142.68275794880043
1580,0,46.9830362,142.6801762546956
1581,0,46.98283585,142.67952743928367
1582,0,46.98297905,142.6791002872862
1583,0,46.9828921,142.68059284499998
1584,155,46.9841338,142.6836564596881
1585,102,46.984246600000006,142.68253649828534
1586,203,46.98409125,142.6829993343632
1587,166,46.98399915,142.68114303725295
1588,0,46.98216615,142.67919982762328
1589,0,46.98218525,142.67960436906262
1590,86,46.984067550000006,142.68193241657798
1591,189,46.9839863,142.680486405
1592,188,46.98394105,142.6794122653846
1593,167,46.98384225,142.67833379596016
1594,,46.98318905,142.6777364479622
1595,98,46.9825918,142.67781109915205
1596,0,46.98197675,142.67789554528767
1597,72,46.9825744,142.7299464
1598,72,46.9825744,142.7299464
1599,72,46.9825744,142.7299464
1600,72,46.98226545,142.72982249550645
1601,36,46.97932095,142.7333101044576
1602,201,46.9839611,142.680068505544
1603,36,46.9574273,142.727438
1604,0,46.9574273,142.727438
1605,2,46.9500477,142.7126989
1606,84,46.9505716,142.7463594
1607,67,46.980363,142.6819483
1608,50,46.980363,142.6819483
1609,360,46.970471,142.7430332
1610,12,46.9009435,142.74698029950952
1611,12,46.9056691,142.7473667
1612,40,46.9056691,142.7473667
1613,45,46.9056691,142.7473667
1614,45,46.9056691,142.7473667
1615,43,46.9056691,142.7473667
1616,43,46.9881632,142.6807783298885
1617,53,46.9880395,142.6815610778149
1618,56,46.980363,142.6819483
1619,41,46.987387600000005,142.6816217775758
1620,17,46.980363,142.6819483
1621,17,46.980363,142.6819483
1622,67,46.98652055,142.68171916623515
1623,51,46.98586805,142.68178763614765
1624,63,46.98585365,142.68233344105863
1625,29,46.9563439,142.7206989
1626,6,46.9638168,142.7385873
1627,25,46.98026945,142.73066565
1628,72,47.03256845,142.71925325
1629,72,46.9617092,142.7162339
1630,72,46.9819167,142.7358201
1631,89,46.9735818,142.7399498
1632,72,46.9665457,142.7218485
1633,180,46.9482302,142.73193435
1634,240,46.9485601,142.73368087439502
1635,120,46.94749825,142.73437565
1636,240,46.9458439,142.73438418359848
1637,180,46.94503135,142.734318
1638,180,46.9482051,142.73302720468888
1639,Нет,46.9556437,142.7269827
1640,Нет,46.94712145,142.7270967
1641,Нет,46.947836,142.725396804394
1642,Нет,46.9557427,142.7235206
1643,Нет,46.9468897,142.72587012362206
1644,Нет,46.947327900000005,142.73154689999998
1645,96,46.94581,142.73181000407249
1646,96,46.9498451,142.7312537
1647,180,46.94403275,142.7322001200692
1648,180,46.94342815,142.73230632864613
1649,240,46.9425206,142.7324925196076
1650,240,46.94063125,142.73279885
1651,45,46.9485183,142.72629645
1652,120,46.9509989,142.7314266
1653,Нет,46.9483479,142.72503539035313
1654,108,46.9492752,142.73056255
1655,180,46.94379635,142.7308705
1656,Нет,46.9427551,142.72943222431405
1657,240,46.94795115,142.73546625
1658,240,46.9452995,142.7371778
1659,288,46.98288525,142.7166166
1660,432,46.9405169,142.7381791
1661,1152,46.9405169,142.7381791
1662,12,46.9594243,142.72157832611856
1663,36,46.90803725,142.75364289403686
1664,24,46.9956442,142.72862149270887
1665,59,46.98647065,142.68093764693367
1666,57,46.9857676,142.68101239703768
1667,366,46.9271491,142.7568926373728
1668,12,46.9956442,142.72862149270887
1669,12,46.9956442,142.72862149270887
1670,36,46.9956442,142.72862149270887
1671,36,46.9956442,142.72862149270887
1672,250,46.9638954,142.7394244
1673,Нет,46.95680205,142.73029565528887
1674,,46.935412,142.73552584204168
1675,60,46.9814845,142.6854612568099
1676,53,46.98160545,142.68501554560754
1677,53,46.9814492,142.68436409662954
1678,43,46.98155025,142.68394019750002
1679,53,46.9813924,142.68330806937195
1680,57,46.98152705,142.68287191148377
1681,29,46.9813485,142.68223921909697
1682,17,46.9363801,142.7574183
1683,170,46.9819167,142.7358201
1684,170,46.9710037,142.7380105
1685,175,46.9221475,142.7477333
1686,47,46.94319065,142.73185039539464
1687,Нет,46.9457635,142.72711680057083
1688,3,46.96668575,142.73497518141988
1689,42,46.9798328,142.73039678866175
1690,72,46.9830369,142.7300328419375
1691,25,46.9825744,142.7299464
1692,25,46.9825744,142.7299464
1693,36,46.95273785,142.72284489999998
1694,72,46.9576184,142.7221366
1695,36,46.9576184,142.7221366
1696,36,46.9576184,142.7221366
1697,144,46.9576184,142.7221366
1698,72,46.9576184,142.7221366
1699,230,46.95410715,142.7516124
1700,139,46.9352505,142.727028
1701,72,46.956144550000005,142.72220927078718
1702,144,46.9956442,142.72862149270887
1703,47,46.896383,142.741432
1704,96,46.9056691,142.7473667
1705,96,46.9056691,142.7473667
1706,96,46.9056691,142.7473667
1707,96,46.9056691,142.7473667
1708,240,46.9443075,142.7310525
1709,240,46.9508541,142.7362284
1710,6,46.9546719,142.71893600356293
1711,1,46.9763708,142.7365948621287
1712,13,46.96365175,142.73886143066989
1713,Нет,46.9221475,142.7477333
1714,312,46.9262684,142.7553898
1715,264,46.9262684,142.7553898
1716,264,46.9262684,142.7553898
1717,180,46.9443075,142.7310525
1718,228,46.9365415,142.74386258373116
1719,144,46.95515675,142.72115952921283
1720,108,46.9956442,142.72862149270887
1721,108,46.95373385,142.7227086
1722,132,46.9797498,142.7342372
1723,Нет,46.96216,142.7303486
1724,57,46.95681415,142.72208411902443
1725,72,46.96216,142.7303486
1726,236,46.96216,142.7303486
1727,4,46.9612975,142.69679674875633
1728,192,46.9434345,142.7527962
1729,144,46.9056691,142.7473667
1730,96,46.9056691,142.7473667
1731,96,46.9056691,142.7473667
1732,216,46.9710037,142.7380105
1733,Нет,46.9634467,142.7469522
1734,130,46.96508215,142.70002657041485
1735,188,46.9652112,142.6995474
1736,210,46.9819167,142.7358201
1737,384,46.9797498,142.7342372
1738,72,46.9956442,142.72862149270887
1739,72,46.9576184,142.7221366
1740,108,46.9956442,142.72862149270887
1741,108,46.9956442,142.72862149270887
1742,108,46.95696105,142.72078279490327
1743,192,46.9956442,142.72862149270887
1744,192,46.9956442,142.72862149270887
1745,216,46.9586433,142.6884589
1746,216,46.9586433,142.6884589
1747,Нет,46.97372445,142.73897105
1748,129,46.9595068,142.74981549569472
1749,480,46.896383,142.741432
1750,444,46.9679802,142.7434979
1751,444,46.9679802,142.7434979
1752,16,46.931851,142.74451219303273
1753,61,46.9819167,142.7358201
1754,6,46.9560135,142.72089959716007
1755,1,46.9619135,142.71722585426025
1756,2,46.97588655,142.73397115
1757,0,46.9950673,142.6816427
1758,6,46.9532329,142.71629165
1759,1,46.9763049,142.7251893
1760,6,46.9770262,142.6913147
1761,48,46.90030085,142.75031094986463
1762,48,46.9085877,142.7503536
1763,48,46.9085877,142.7503536
1764,48,46.9085877,142.7503536
1765,48,46.9085877,142.7503536
1766,576,46.95480685,142.75406531733293
1767,0,46.9574273,142.727438
1768,13,46.96832605,142.72194484821216
1769,2,46.9574273,142.727438
1770,0,46.9574273,142.727438
1771,0,46.9574273,142.727438
1772,1,46.9574273,142.727438
1773,48,46.9563439,142.7206989
1774,Нет,46.9576184,142.7221366
1775,96,46.9576184,142.7221366
1776,48,46.9576184,142.7221366
